ETF,lag_period,correlation,correlation_abs,p_value,significant,strength,direction,valid_data_points,avg_sentiment,median_sentiment,min_sentiment,max_sentiment,std_sentiment,total_news_reddit,avg_daily_news_reddit,starting_price,ending_price,price_change_pct,avg_daily_return,std_daily_return,max_gain,max_loss,positive_days,negative_days
VOO,same_day,0.004201067366361688,0.004201067366361688,0.9844563850498739,False,Very Weak,Positive,24,0.03280296811166578,0.027999999999999994,-0.183,0.23578947368421055,0.09993697953143098,402,16.08,613.0068969726562,622.5499877929688,1.556767283931257,0.06747144031424707,0.7995221452377046,1.5153745046629918,-2.6883757051781254,14,10
VOO,1_day_ahead,-0.2033371112840815,0.2033371112840815,0.34060368053449935,False,Weak,Negative,24,0.03280296811166578,0.027999999999999994,-0.183,0.23578947368421055,0.09993697953143098,402,16.08,613.0068969726562,622.5499877929688,1.556767283931257,0.06747144031424707,0.7995221452377046,1.5153745046629918,-2.6883757051781254,14,10
SPY,same_day,0.04170252769454021,0.04170252769454021,0.8501502024041038,False,Very Weak,Positive,23,0.02808642511631852,0.02490909090909091,-0.183,0.23578947368421055,0.09920337704030043,397,16.541666666666668,663.2100219726562,677.25,2.1169731400594864,0.09430421726751184,0.8124746067562642,1.5344029580113494,-2.702776437678722,13,10
SPY,1_day_ahead,-0.17237992764947185,0.17237992764947185,0.43156443270239137,False,Very Weak,Negative,23,0.02808642511631852,0.02490909090909091,-0.183,0.23578947368421055,0.09920337704030043,397,16.541666666666668,663.2100219726562,677.25,2.1169731400594864,0.09430421726751184,0.8124746067562642,1.5344029580113494,-2.702776437678722,13,10
QQQ,same_day,0.07998082118809309,0.07998082118809309,0.633126475777512,False,Very Weak,Positive,38,0.032294332428112985,0.027999999999999994,-0.45,0.37,0.13672615701430627,448,11.487179487179487,564.9650268554688,617.0999755859375,9.227995761197107,0.23639592191740652,0.8849013580888855,2.1221390611747326,-3.4714281616625042,25,13
QQQ,1_day_ahead,-0.03355504151574573,0.03355504151574573,0.8414855942880269,False,Very Weak,Negative,38,0.032294332428112985,0.027999999999999994,-0.45,0.37,0.13672615701430627,448,11.487179487179487,564.9650268554688,617.0999755859375,9.227995761197107,0.23639592191740652,0.8849013580888855,2.1221390611747326,-3.4714281616625042,25,13
SOXX,same_day,0.13526820592332556,0.13526820592332556,0.25051419157163773,False,Very Weak,Positive,74,0.144045742656485,0.12045454545454545,-0.58,0.78,0.24327447321457177,434,5.786666666666667,182.8042449951172,288.1700134277344,57.63857859834249,0.43954885269936794,1.872350729611102,7.182623104059016,-6.271757143220713,45,29
SOXX,1_day_ahead,0.19916703102451985,0.19916703102451985,0.08890154260190683,False,Very Weak,Positive,74,0.144045742656485,0.12045454545454545,-0.58,0.78,0.24327447321457177,434,5.786666666666667,182.8042449951172,288.1700134277344,57.63857859834249,0.43954885269936794,1.872350729611102,7.182623104059016,-6.271757143220713,45,29
IWM,same_day,0.1156866406805236,0.1156866406805236,0.31965633190486153,False,Very Weak,Positive,76,0.12153002984454209,0.09,-0.58,0.78,0.2304770567055871,500,6.4935064935064934,207.4662322998047,249.42999267578125,20.22679060143903,0.14785279267124887,1.1083896016602814,2.7839734904280267,-2.9943342106114934,43,33
IWM,1_day_ahead,-0.04016442015625083,0.04016442015625083,0.7304843515427254,False,Very Weak,Negative,76,0.12153002984454209,0.09,-0.58,0.78,0.2304770567055871,500,6.4935064935064934,207.4662322998047,249.42999267578125,20.22679060143903,0.14785279267124887,1.1083896016602814,2.7839734904280267,-2.9943342106114934,43,33
ARKX,same_day,-0.04366521962336625,0.04366521962336625,0.6598446580657102,False,Very Weak,Negative,104,0.14146582325269805,0.146,-0.68,0.78,0.2686692166658219,372,3.5428571428571427,13.989999771118164,31.6200008392334,126.01859439992072,0.32920234037933577,1.6457174605287364,4.435680522032559,-3.876547953056686,62,41
ARKX,1_day_ahead,0.21086375115685108,0.21086375115685108,0.03166395030543377,True,Weak,Positive,104,0.14146582325269805,0.146,-0.68,0.78,0.2686692166658219,372,3.5428571428571427,13.989999771118164,31.6200008392334,126.01859439992072,0.32920234037933577,1.6457174605287364,4.435680522032559,-3.876547953056686,62,41
